{"count":1,"self":25.1914896,"total":33.099787,"children":{"InitializeActuators":{"count":3,"self":0.0016589999999999999,"total":0.0016589999999999999,"children":null},"InitializeSensors":{"count":3,"self":0.0011359999999999999,"total":0.0011359999999999999,"children":null},"AgentSendState":{"count":1472,"self":0.020146,"total":7.8489189999999995,"children":{"CollectObservations":{"count":1472,"self":0.011590999999999999,"total":0.011590999999999999,"children":null},"WriteActionMask":{"count":1472,"self":0.003978,"total":0.003978,"children":null},"RequestDecision":{"count":1472,"self":0.024673,"total":7.813204,"children":{"CameraSensor.GetCompressedObservation":{"count":2944,"self":7.7885311999999995,"total":7.788531,"children":null}}}}},"DecideAction":{"count":1472,"self":0.017813,"total":0.017813,"children":null},"AgentAct":{"count":1472,"self":0.022278,"total":0.033942,"children":{"CameraSensor.GetCompressedObservation":{"count":4,"self":0.011663999999999999,"total":0.011663999999999999,"children":null}}},"CameraSensor.GetCompressedObservation":{"count":2,"self":0.0038309999999999998,"total":0.0038309999999999998,"children":null}},"gauges":{"GesThor.CumulativeReward":{"count":2,"max":-0.4999971,"min":-0.4999971,"runningAverage":-0.4999971,"value":-0.4999971,"weightedAverage":-0.4999971}},"metadata":{"timer_format_version":"0.1.0","start_time_seconds":"1612092498","unity_version":"2019.4.4f1","command_line_arguments":"\/home\/kevin57\/Unity Projects\/GesThor_server_build\/gesthor_server_build.x86_64","communication_protocol_version":"1.3.0","com.unity.ml-agents_version":"1.7.2-preview","scene_name":"FloorPlan1_physics","end_time_seconds":"1612092531"}}